{
	"folders": {},
	"connections": {
		"hsqldb_server-187c231863c-32b8b3d55c0af488": {
			"provider": "generic",
			"driver": "hsqldb_server",
			"name": "payara SA",
			"save-password": true,
			"configuration": {
				"host": "200.20.0.3",
				"port": "9001",
				"database": "nwtis_4",
				"url": "jdbc:hsqldb:hsql://200.20.0.3:9001/nwtis_4",
				"configurationType": "MANUAL",
				"type": "dev",
				"auth-model": "native"
			}
		},
		"hsqldb_server-187c23308f2-110861653febdf0f": {
			"provider": "generic",
			"driver": "hsqldb_server",
			"name": "localhost SA",
			"save-password": true,
			"configuration": {
				"host": "localhost",
				"port": "9001",
				"database": "nwtis_4",
				"url": "jdbc:hsqldb:hsql://localhost:9001/nwtis_4",
				"configurationType": "MANUAL",
				"type": "dev",
				"auth-model": "native"
			}
		},
		"hsqldb_server-187c23682d1-65e6e823c1307a9c": {
			"provider": "generic",
			"driver": "hsqldb_server",
			"name": "localhost nwtis_4",
			"save-password": true,
			"configuration": {
				"host": "localhost",
				"port": "9001",
				"database": "nwtis_4",
				"url": "jdbc:hsqldb:hsql://localhost:9001/nwtis_4",
				"configurationType": "MANUAL",
				"type": "dev",
				"auth-model": "native"
			}
		},
		"hsqldb_server-187c2379026-c4628d3676dada8": {
			"provider": "generic",
			"driver": "hsqldb_server",
			"name": "payara nwtis_4",
			"save-password": true,
			"configuration": {
				"host": "200.20.0.3",
				"port": "9001",
				"database": "nwtis_4",
				"url": "jdbc:hsqldb:hsql://200.20.0.3:9001/nwtis_4",
				"configurationType": "MANUAL",
				"type": "dev",
				"auth-model": "native"
			}
		}
	},
	"connection-types": {
		"dev": {
			"name": "Development",
			"color": "255,255,255",
			"description": "Regular development database",
			"auto-commit": true,
			"confirm-execute": false,
			"confirm-data-change": false,
			"auto-close-transactions": false
		}
	}
}